title,source,publishedAt,url,image,description
New AI model assesses eczema severity using smartphone images,News-Medical.net,2025-05-20 16:36:00+00:00,https://www.news-medical.net/news/20250520/New-AI-model-assesses-eczema-severity-using-smartphone-images.aspx,,
"Female-dominated fields more vulnerable to artificial intelligence, says UN report",CBC.ca,2025-05-20 16:06:55+00:00,https://www.cbc.ca/news/business/ai-jobs-impact-women-1.7538983,,
Will AI lead to job losses? Women more at risk: report,CP24 Toronto,2025-05-20 16:03:22+00:00,https://www.cp24.com/news/money/2025/05/20/ai-poses-a-bigger-threat-to-womens-work-than-mens-says-report/,,
Hollywood actors’ union files unfair labor charge against Fortnite maker amid ongoing strike,The Guardian,2025-05-20 15:59:52+00:00,https://www.theguardian.com/us-news/2025/may/20/fortnite-epic-games-actors-union,,
Top finance officials gather,CP24 Toronto,2025-05-20 09:31:50+00:00,https://www.cp24.com/news/canada/2025/05/20/top-finance-officials-from-g7-countries-gather-in-banff-for-three-day-summit/,,
Top finance officials from G7 countries gather in Banff for three-day summit,BradfordToday,2025-05-20 08:00:10+00:00,https://www.bradfordtoday.ca/national-news/top-finance-officials-from-g7-countries-gather-in-banff-for-three-day-summit-10682010,,
Prediction: This artificial intelligence (AI) stock will be worth $5 trillion in 3 years,Motley Fool Australia,2025-05-21 01:18:00+00:00,https://www.fool.com.au/2025/05/21/prediction-this-artificial-intelligence-ai-stock-will-be-worth-5-trillion-in-3-years-usfeed/,https://www.fool.com.au/wp-content/uploads/2022/04/nvidia1.jpg,
"This Artificial Intelligence (AI) chipmaker just got a game-changing boost from Amazon, and Nvidia investors should be paying close attention",Motley Fool Australia,2025-05-21 00:09:00+00:00,https://www.fool.com.au/2025/05/21/this-artificial-intelligence-ai-chipmaker-just-got-a-game-changing-boost-from-amazon-and-nvidia-investors-should-be-paying-close-attention-usfeed/,https://www.fool.com.au/wp-content/uploads/2022/03/div-1200x675.jpg,
Google launches search ‘AI Mode’,The Australian Financial Review,2025-05-20 20:38:36+00:00,https://www.afr.com/world/north-america/google-unleashes-search-ai-mode-and-android-powered-glasses-20250521-p5m0vz,https://static.ffx.io/images/$zoom_0.2291%2C$multiply_3%2C$ratio_1.777778%2C$width_1059%2C$x_76%2C$y_65/t_crop_custom/c_scale%2Cw_800%2Cq_88%2Cf_jpg/t_afr_no_label_no_age_social_wm/4e3a4973b7266478ba028c0359015d036ed2d088,
"Google I/O 2025 LIVE Updates: Android XR, New Gemini AI upgrades, AI Ultra subscription and everything announced",Livemint,2025-05-20 20:31:19+00:00,https://www.livemint.com/technology/tech-news/google-io-event-2025-live-updates-latest-expected-releases-developer-conference-android-16-gemini-sundar-pichai-ai-11747752941230.html,https://www.livemint.com/lm-img/img/2025/05/20/1600x900/jjbjbb_1747765954451_1747765959396.webp,
iOS 19 Will Let Developers Use Apple's AI Models in Their Apps,MacRumors,2025-05-20 16:18:13+00:00,https://www.macrumors.com/2025/05/20/ios-19-apple-ai-models-developers/,https://images.macrumors.com/t/9QYrKGN7DCjAIIQvkbgkjuswS_0=/2500x/article-new/2024/09/Apple-Intelligence-General-Feature-2.jpg,
Prediction: This artificial intelligence (AI) stock will be worth $5 trillion in 3 years,Motley Fool Australia,2025-05-21T01:18:00Z,https://www.fool.com.au/2025/05/21/prediction-this-artificial-intelligence-ai-stock-will-be-worth-5-trillion-in-3-years-usfeed/,https://www.fool.com.au/wp-content/uploads/2022/04/nvidia1.jpg,
"This Artificial Intelligence (AI) chipmaker just got a game-changing boost from Amazon, and Nvidia investors should be paying close attention",Motley Fool Australia,2025-05-21T00:09:00Z,https://www.fool.com.au/2025/05/21/this-artificial-intelligence-ai-chipmaker-just-got-a-game-changing-boost-from-amazon-and-nvidia-investors-should-be-paying-close-attention-usfeed/,https://www.fool.com.au/wp-content/uploads/2022/03/div-1200x675.jpg,
Google launches search ‘AI Mode’,The Australian Financial Review,2025-05-20T20:38:36Z,https://www.afr.com/world/north-america/google-unleashes-search-ai-mode-and-android-powered-glasses-20250521-p5m0vz,https://static.ffx.io/images/$zoom_0.2291%2C$multiply_3%2C$ratio_1.777778%2C$width_1059%2C$x_76%2C$y_65/t_crop_custom/c_scale%2Cw_800%2Cq_88%2Cf_jpg/t_afr_no_label_no_age_social_wm/4e3a4973b7266478ba028c0359015d036ed2d088,
"Google I/O 2025 LIVE Updates: Android XR, New Gemini AI upgrades, AI Ultra subscription and everything announced",Livemint,2025-05-20T20:31:19Z,https://www.livemint.com/technology/tech-news/google-io-event-2025-live-updates-latest-expected-releases-developer-conference-android-16-gemini-sundar-pichai-ai-11747752941230.html,https://www.livemint.com/lm-img/img/2025/05/20/1600x900/jjbjbb_1747765954451_1747765959396.webp,
New AI model assesses eczema severity using smartphone images,News-Medical.net,2025-05-20T16:36:00Z,https://www.news-medical.net/news/20250520/New-AI-model-assesses-eczema-severity-using-smartphone-images.aspx,https://d2jx2rerrg6sh3.cloudfront.net/image-handler/picture/2019/5/futuristic_techno_design_on_background_of_supercomputer_data_center_-_Image_-_Timofeev_Vladimir_M1_402c068791b640469e416c4f55d84afe-620x480.jpg,
iOS 19 Will Let Developers Use Apple's AI Models in Their Apps,MacRumors,2025-05-20T16:18:13Z,https://www.macrumors.com/2025/05/20/ios-19-apple-ai-models-developers/,https://images.macrumors.com/t/9QYrKGN7DCjAIIQvkbgkjuswS_0=/2500x/article-new/2024/09/Apple-Intelligence-General-Feature-2.jpg,
"Female-dominated fields more vulnerable to artificial intelligence, says UN report",CBC.ca,2025-05-20T16:06:55Z,https://www.cbc.ca/news/business/ai-jobs-impact-women-1.7538983,https://i.cbc.ca/1.7270509.1721521157!/fileImage/httpImage/image.jpg_gen/derivatives/16x9_1180/smallbiz-protecting-against-phishing.jpg?im=Resize%3D620,
Will AI lead to job losses? Women more at risk: report,CP24 Toronto,2025-05-20T16:03:22Z,https://www.cp24.com/news/money/2025/05/20/ai-poses-a-bigger-threat-to-womens-work-than-mens-says-report/,https://www.cp24.com/resizer/v2/G2WSX6NH65GPHKM7HO6ULJBWNQ.jpg?smart=true&auth=52b7c73a709ca57e89b3f9223aade8f4476af3fa2b9e6b7a6cb6c5ff8c49b094&width=1200&height=630,
Hollywood actors’ union files unfair labor charge against Fortnite maker amid ongoing strike,The Guardian,2025-05-20T15:59:52Z,https://www.theguardian.com/us-news/2025/may/20/fortnite-epic-games-actors-union,https://i.guim.co.uk/img/media/b84cbae8c6acef08aeebe5dfdfa44bde63056d99/461_0_4165_3333/master/4165.jpg?width=1200&height=630&quality=85&auto=format&fit=crop&overlay-align=bottom%2Cleft&overlay-width=100p&overlay-base64=L2ltZy9zdGF0aWMvb3ZlcmxheXMvdGctZGVmYXVsdC5wbmc&enable=upscale&s=8f0b0ea642b6a2cd0c7cade80722204f,
Top finance officials gather,CP24 Toronto,2025-05-20T09:31:50Z,https://www.cp24.com/news/canada/2025/05/20/top-finance-officials-from-g7-countries-gather-in-banff-for-three-day-summit/,https://www.cp24.com/resizer/v2/GR6SZKCH4B3KN2OACBBU223TSA.jpg?smart=true&auth=a535efd6fc9f19ae98fae5310d9699bf4eb02b89e6fe5e1c3527d630af4b8139&width=1200&height=630,
DeepMind CEO says new Gemini features are a slingshot to AGI,Windows Central,2025-05-21T10:10:48Z,https://www.windowscentral.com/software-apps/google-deepmind-ceo-gemini-upgrades-could-lead-agi,https://cdn.mos.cms.futurecdn.net/gbCGCNQsFnhKAKPHNCWAzQ.jpg,
Smarter Carts: How AI is Transforming Grocery Shopping,News-Medical.net,2025-05-21T05:19:00Z,https://www.news-medical.net/health/Smarter-carts-How-AI-is-transforming-grocery-shopping.aspx,https://d2jx2rerrg6sh3.cloudfront.net/images/Article_Images/ImageForArticle_26119_17476781549916127.jpg,
Google ramps up search with AI mode,The Manila Times,2025-05-21T02:33:00Z,https://www.manilatimes.net/2025/05/21/business/foreign-business/google-ramps-up-search-with-ai-mode/2117983,https://www.manilatimes.net/manilatimes/uploads/images/2025/05/21/632360.jpg,
